Season,Gender,Team,Gameid,Player,GP,GS,Mins,FG3,FGA3,FG2,FGA2,FT,FTA,OReb,DReb,Reb,PF,Assist,Turn,Block,Steal,Points
2023-24,WBB,Queen's,W20231005LAVQUE,Aluel Achiek,1,0,5,0,0,0,1,0,0,0,0,0,1,0,1,0,0,0
2023-24,WBB,Queen's,W20231005LAVQUE,Haley Barbieri,1,0,15,2,3,0,0,1,2,0,1,1,0,2,2,0,1,7
2023-24,WBB,Queen's,W20231005LAVQUE,Isabella Belvedere,1,1,19,3,6,1,1,0,0,0,0,0,2,2,0,0,1,11
2023-24,WBB,Queen's,W20231005LAVQUE,Maddy Boyd,1,0,2,0,0,0,0,2,2,0,0,0,0,0,0,0,0,2
2023-24,WBB,Queen's,W20231005LAVQUE,Julia Chadwick,1,1,22,0,1,5,11,0,0,1,5,6,2,4,1,0,0,10
2023-24,WBB,Queen's,W20231005LAVQUE,Laura Donovan,1,1,29,2,3,3,6,7,8,1,2,3,0,3,2,1,1,19
2023-24,WBB,Queen's,W20231005LAVQUE,Isabella Gaudet,1,0,19,2,3,0,3,0,0,0,3,3,0,3,2,0,2,6
2023-24,WBB,Queen's,W20231005LAVQUE,Amy Hagman,1,0,3,0,0,0,0,0,0,0,0,0,0,0,0,0,1,0
2023-24,WBB,Queen's,W20231005LAVQUE,Mikayla McFarlane,1,0,12,0,0,1,6,0,0,1,3,4,2,0,4,0,1,2
2023-24,WBB,Queen's,W20231005LAVQUE,Bridget Mulholland,1,1,23,0,0,2,5,2,2,1,4,5,2,0,1,0,1,6
2023-24,WBB,Queen's,W20231005LAVQUE,Katrina Renon,1,0,15,1,1,1,2,0,0,2,2,4,0,2,0,0,0,5
2023-24,WBB,Queen's,W20231005LAVQUE,Allison Smith,1,0,7,0,0,0,0,0,0,0,2,2,0,1,0,0,0,0
2023-24,WBB,Queen's,W20231005LAVQUE,Kiera Spencer,1,0,5,0,0,0,0,0,0,0,0,0,0,0,1,0,0,0
2023-24,WBB,Queen's,W20231005LAVQUE,team-queens,1,0,0,0,0,0,0,0,0,2,2,4,0,0,1,0,0,0
2023-24,WBB,Queen's,W20231005LAVQUE,Emma Weltz,1,1,24,0,3,3,3,3,3,0,0,0,3,4,0,0,1,9
2023-24,WBB,Queen's,W20231006BISQUE,Aluel Achiek,1,0,5,0,0,1,2,0,0,0,1,1,0,0,0,0,0,2
2023-24,WBB,Queen's,W20231006BISQUE,Haley Barbieri,1,0,19,2,2,0,0,2,2,0,2,2,2,4,2,0,0,8
2023-24,WBB,Queen's,W20231006BISQUE,Isabella Belvedere,1,1,9,1,3,0,0,0,0,0,0,0,0,0,2,1,0,3
2023-24,WBB,Queen's,W20231006BISQUE,Maddy Boyd,1,0,1,0,0,0,0,0,0,0,0,0,0,0,0,1,0,0
2023-24,WBB,Queen's,W20231006BISQUE,Julia Chadwick,1,1,25,0,1,5,6,1,2,2,5,7,2,3,3,1,2,11
2023-24,WBB,Queen's,W20231006BISQUE,Laura Donovan,1,1,23,1,5,4,7,0,0,0,3,3,2,0,2,3,0,11
2023-24,WBB,Queen's,W20231006BISQUE,Isabella Gaudet,1,0,17,1,1,0,2,0,0,0,3,3,0,2,0,0,1,3
2023-24,WBB,Queen's,W20231006BISQUE,Amy Hagman,1,0,11,1,3,0,0,0,0,0,0,0,2,1,0,0,2,3
2023-24,WBB,Queen's,W20231006BISQUE,Mikayla McFarlane,1,0,9,1,2,2,6,2,2,2,5,7,0,0,1,0,1,9
2023-24,WBB,Queen's,W20231006BISQUE,Bridget Mulholland,1,1,27,2,2,3,5,0,0,1,4,5,0,2,0,0,4,12
2023-24,WBB,Queen's,W20231006BISQUE,Katrina Renon,1,0,12,0,0,2,3,0,0,0,3,3,2,0,1,0,0,4
2023-24,WBB,Queen's,W20231006BISQUE,Allison Smith,1,0,17,0,1,0,1,0,0,0,0,0,1,1,3,0,0,0
2023-24,WBB,Queen's,W20231006BISQUE,Kiera Spencer,1,0,13,1,5,0,0,0,0,0,0,0,3,1,0,0,0,3
2023-24,WBB,Queen's,W20231006BISQUE,team-queens,1,0,0,0,0,0,0,0,0,2,7,9,0,0,4,0,0,0
2023-24,WBB,Queen's,W20231006BISQUE,Emma Weltz,1,1,9,0,0,0,3,2,2,0,1,1,0,1,0,0,0,2
2023-24,WBB,Queen's,W20231013UQMQUE,Haley Barbieri,1,1,21,0,4,2,3,1,5,1,3,4,2,1,3,0,0,5
2023-24,WBB,Queen's,W20231013UQMQUE,Maddy Boyd,1,0,2,0,0,0,0,0,0,0,1,1,2,1,2,0,0,0
2023-24,WBB,Queen's,W20231013UQMQUE,Julia Chadwick,1,1,24,1,4,3,7,4,6,2,7,9,3,3,2,1,0,13
2023-24,WBB,Queen's,W20231013UQMQUE,Laura Donovan,1,1,30,2,4,3,7,2,2,3,0,3,1,0,4,0,0,14
2023-24,WBB,Queen's,W20231013UQMQUE,Isabella Gaudet,1,1,31,3,5,0,3,2,3,1,3,4,4,1,2,0,5,11
2023-24,WBB,Queen's,W20231013UQMQUE,Amy Hagman,1,0,16,0,4,1,1,0,0,0,1,1,0,0,0,0,0,2
2023-24,WBB,Queen's,W20231013UQMQUE,Mikayla McFarlane,1,0,18,1,2,2,7,2,4,3,2,5,4,0,1,0,0,9
2023-24,WBB,Queen's,W20231013UQMQUE,Bridget Mulholland,1,1,27,0,1,3,5,1,2,4,5,9,1,0,3,0,1,7
2023-24,WBB,Queen's,W20231013UQMQUE,Katrina Renon,1,0,7,1,2,0,1,0,0,2,1,3,0,1,1,0,0,3
2023-24,WBB,Queen's,W20231013UQMQUE,Allison Smith,1,0,19,2,3,0,1,1,2,1,1,2,1,2,1,1,1,7
2023-24,WBB,Queen's,W20231013UQMQUE,Kiera Spencer,1,0,3,1,1,0,0,0,0,0,0,0,0,0,0,0,0,3
2023-24,WBB,Queen's,W20231014MCGQUE,Aluel Achiek,1,0,9,0,0,0,1,0,0,0,2,2,1,1,1,0,0,0
2023-24,WBB,Queen's,W20231014MCGQUE,Haley Barbieri,1,1,30,3,5,1,4,4,4,0,2,2,3,5,3,0,4,15
2023-24,WBB,Queen's,W20231014MCGQUE,Maddy Boyd,1,0,7,0,0,0,0,0,0,0,2,2,1,0,1,0,0,0
2023-24,WBB,Queen's,W20231014MCGQUE,Julia Chadwick,1,1,25,0,0,9,10,0,0,2,5,7,1,2,0,1,0,18
2023-24,WBB,Queen's,W20231014MCGQUE,Laura Donovan,1,1,20,4,6,3,3,0,0,0,2,2,2,3,2,0,2,18
2023-24,WBB,Queen's,W20231014MCGQUE,Isabella Gaudet,1,1,22,0,4,0,1,1,2,1,2,3,1,2,0,0,2,1
2023-24,WBB,Queen's,W20231014MCGQUE,Amy Hagman,1,0,12,0,0,1,1,0,0,0,4,4,3,2,0,0,0,2
2023-24,WBB,Queen's,W20231014MCGQUE,Mikayla McFarlane,1,1,18,0,0,4,6,0,0,0,4,4,3,3,5,1,3,8
2023-24,WBB,Queen's,W20231014MCGQUE,Katrina Renon,1,0,22,1,2,1,4,2,2,1,1,2,2,0,2,1,0,7
2023-24,WBB,Queen's,W20231014MCGQUE,Allison Smith,1,0,23,1,1,1,2,1,2,0,2,2,2,2,1,0,1,6
2023-24,WBB,Queen's,W20231014MCGQUE,Kiera Spencer,1,0,12,1,3,0,2,0,0,0,0,0,0,2,1,0,1,3
2023-24,WBB,Queen's,W20231014MCGQUE,team-queens,1,0,0,0,0,0,0,0,0,0,0,0,0,0,2,0,0,0
2023-24,WBB,Queen's,W20231020QUEWIN,Haley Barbieri,1,0,18,0,3,1,2,1,2,0,0,0,1,4,3,0,2,3
2023-24,WBB,Queen's,W20231020QUEWIN,Isabella Belvedere,1,1,27,2,5,2,3,1,2,0,1,1,3,2,4,0,0,11
2023-24,WBB,Queen's,W20231020QUEWIN,Maddy Boyd,1,0,6,0,0,1,2,0,0,0,2,2,0,2,0,0,0,2
2023-24,WBB,Queen's,W20231020QUEWIN,Julia Chadwick,1,1,25,0,3,11,15,1,1,3,6,9,2,4,3,4,1,23
2023-24,WBB,Queen's,W20231020QUEWIN,Laura Donovan,1,1,21,1,4,1,3,0,0,0,3,3,3,1,1,1,1,5
2023-24,WBB,Queen's,W20231020QUEWIN,Isabella Gaudet,1,1,28,1,4,1,2,0,0,2,5,7,1,3,0,0,2,5
2023-24,WBB,Queen's,W20231020QUEWIN,Amy Hagman,1,0,3,0,1,0,0,0,0,0,0,0,0,0,0,0,0,0
2023-24,WBB,Queen's,W20231020QUEWIN,Mikayla McFarlane,1,0,18,0,0,2,4,2,4,3,3,6,2,0,0,2,1,6
2023-24,WBB,Queen's,W20231020QUEWIN,Katrina Renon,1,0,19,0,1,5,5,7,7,1,0,1,1,0,2,0,2,17
2023-24,WBB,Queen's,W20231020QUEWIN,Allison Smith,1,0,4,0,0,0,0,0,0,0,1,1,0,0,1,0,0,0
2023-24,WBB,Queen's,W20231020QUEWIN,Kiera Spencer,1,0,6,1,1,0,0,0,0,0,0,0,4,0,0,0,0,3
2023-24,WBB,Queen's,W20231020QUEWIN,Emma Weltz,1,1,24,0,1,1,4,2,2,0,2,2,0,5,3,0,3,4
2023-24,WBB,Queen's,W20231021QUECBU,Haley Barbieri,1,0,12,0,3,0,1,0,0,1,0,1,4,1,1,0,0,0
2023-24,WBB,Queen's,W20231021QUECBU,Isabella Belvedere,1,1,22,0,4,2,6,1,2,1,3,4,1,0,3,0,0,5
2023-24,WBB,Queen's,W20231021QUECBU,Maddy Boyd,1,0,13,0,0,2,3,0,0,1,2,3,0,0,0,0,0,4
2023-24,WBB,Queen's,W20231021QUECBU,Julia Chadwick,1,1,27,1,3,5,12,4,5,1,14,15,2,2,4,1,4,17
2023-24,WBB,Queen's,W20231021QUECBU,Laura Donovan,1,1,33,0,2,3,6,3,3,1,2,3,0,4,4,0,2,9
2023-24,WBB,Queen's,W20231021QUECBU,Isabella Gaudet,1,0,15,0,2,1,1,0,0,0,3,3,1,1,3,0,0,2
2023-24,WBB,Queen's,W20231021QUECBU,Amy Hagman,1,0,3,1,2,1,1,1,2,1,0,1,1,0,0,0,0,6
2023-24,WBB,Queen's,W20231021QUECBU,Mikayla McFarlane,1,1,15,0,0,0,3,0,0,0,1,1,1,1,1,0,1,0
2023-24,WBB,Queen's,W20231021QUECBU,Katrina Renon,1,0,22,0,1,3,7,4,4,2,6,8,2,1,3,0,0,10
2023-24,WBB,Queen's,W20231021QUECBU,Allison Smith,1,0,7,1,2,0,0,0,0,0,0,0,0,0,0,0,1,3
2023-24,WBB,Queen's,W20231021QUECBU,Kiera Spencer,1,0,3,0,1,0,0,0,0,1,0,1,0,0,0,0,1,0
2023-24,WBB,Queen's,W20231021QUECBU,Emma Weltz,1,1,28,2,5,2,4,1,2,0,2,2,2,2,2,1,3,11
2023-24,WBB,Queen's,W20231022QUEUQM,Aluel Achiek,1,0,0,0,0,2,3,1,2,1,0,1,1,0,2,0,0,5
2023-24,WBB,Queen's,W20231022QUEUQM,Haley Barbieri,1,0,7,0,4,2,4,1,2,0,3,3,1,2,2,0,2,5
2023-24,WBB,Queen's,W20231022QUEUQM,Isabella Belvedere,1,1,28,0,5,1,1,0,0,0,0,0,1,1,1,0,0,2
2023-24,WBB,Queen's,W20231022QUEUQM,Maddy Boyd,1,0,0,0,0,0,1,0,0,0,1,1,1,0,0,0,0,0
2023-24,WBB,Queen's,W20231022QUEUQM,Julia Chadwick,1,1,28,0,4,2,7,2,4,2,2,4,2,1,3,0,1,6
2023-24,WBB,Queen's,W20231022QUEUQM,Laura Donovan,1,1,40,0,2,2,2,2,2,3,3,6,1,2,1,1,0,6
2023-24,WBB,Queen's,W20231022QUEUQM,Isabella Gaudet,1,0,12,0,0,0,1,0,0,1,5,6,0,2,1,0,1,0
2023-24,WBB,Queen's,W20231022QUEUQM,Amy Hagman,1,0,0,0,3,0,2,0,0,0,1,1,0,0,0,0,1,0
2023-24,WBB,Queen's,W20231022QUEUQM,Mikayla McFarlane,1,1,35,0,0,3,3,1,2,1,3,4,1,0,0,0,1,7
2023-24,WBB,Queen's,W20231022QUEUQM,Katrina Renon,1,0,12,1,2,1,6,0,0,2,2,4,4,0,0,1,1,5
2023-24,WBB,Queen's,W20231022QUEUQM,Allison Smith,1,0,0,0,4,0,0,0,0,0,2,2,1,3,2,0,0,0
2023-24,WBB,Queen's,W20231022QUEUQM,Kiera Spencer,1,0,0,3,4,0,0,0,0,0,2,2,1,0,1,0,0,9
2023-24,WBB,Queen's,W20231022QUEUQM,Emma Weltz,1,1,28,1,3,2,3,0,0,0,0,0,0,1,1,0,2,7
2023-24,WBB,Queen's,W20231103QUELAU,Haley Barbieri,1,0,20,3,7,2,5,1,2,0,0,0,1,3,1,0,3,14
2023-24,WBB,Queen's,W20231103QUELAU,Isabella Belvedere,1,1,18,1,3,1,2,0,0,1,2,3,2,1,1,0,1,5
2023-24,WBB,Queen's,W20231103QUELAU,Julia Chadwick,1,1,21,1,2,3,7,0,0,1,5,6,3,2,2,1,1,9
2023-24,WBB,Queen's,W20231103QUELAU,Laura Donovan,1,1,28,2,7,0,1,0,0,0,0,0,1,3,3,0,1,6
2023-24,WBB,Queen's,W20231103QUELAU,Isabella Gaudet,1,0,18,2,3,0,2,0,0,1,4,5,3,3,1,2,1,6
2023-24,WBB,Queen's,W20231103QUELAU,Amy Hagman,1,0,4,0,0,0,1,0,0,1,0,1,1,0,0,0,0,0
2023-24,WBB,Queen's,W20231103QUELAU,Mikayla McFarlane,1,0,19,1,1,1,5,1,4,3,6,9,3,0,1,1,1,6
2023-24,WBB,Queen's,W20231103QUELAU,Bridget Mulholland,1,1,23,0,0,2,3,0,0,1,6,7,0,4,2,0,0,4
2023-24,WBB,Queen's,W20231103QUELAU,Katrina Renon,1,0,13,1,1,1,1,4,6,3,3,6,1,1,0,0,1,9
2023-24,WBB,Queen's,W20231103QUELAU,Allison Smith,1,0,12,0,1,1,2,3,3,0,2,2,1,2,1,1,1,5
2023-24,WBB,Queen's,W20231103QUELAU,Kiera Spencer,1,0,4,1,2,0,0,0,0,0,0,0,0,0,0,0,0,3
2023-24,WBB,Queen's,W20231103QUELAU,team-queens,1,0,0,0,0,0,0,0,0,0,0,0,0,0,2,0,0,0
2023-24,WBB,Queen's,W20231103QUELAU,Emma Weltz,1,1,20,1,2,1,5,0,2,0,0,0,0,2,0,0,0,5
2023-24,WBB,Queen's,W20231104QUENIP,Haley Barbieri,1,0,20,0,4,0,3,1,2,0,1,1,2,3,1,1,2,1
2023-24,WBB,Queen's,W20231104QUENIP,Isabella Belvedere,1,1,19,0,1,0,2,1,2,1,4,5,3,2,2,0,0,1
2023-24,WBB,Queen's,W20231104QUENIP,Julia Chadwick,1,1,18,0,2,5,7,4,4,3,1,4,3,2,2,3,1,14
2023-24,WBB,Queen's,W20231104QUENIP,Laura Donovan,1,1,19,5,6,2,7,2,2,1,2,3,1,2,0,0,0,21
2023-24,WBB,Queen's,W20231104QUENIP,Isabella Gaudet,1,0,16,1,4,2,5,2,2,2,1,3,2,0,0,0,1,9
2023-24,WBB,Queen's,W20231104QUENIP,Amy Hagman,1,0,11,0,2,0,1,0,0,0,1,1,2,2,1,1,1,0
2023-24,WBB,Queen's,W20231104QUENIP,Mikayla McFarlane,1,0,21,1,2,3,4,2,2,4,2,6,0,1,1,1,2,11
2023-24,WBB,Queen's,W20231104QUENIP,Bridget Mulholland,1,1,9,0,1,3,3,1,2,2,2,4,0,3,0,0,1,7
2023-24,WBB,Queen's,W20231104QUENIP,Katrina Renon,1,0,16,0,1,0,4,4,4,3,2,5,2,0,2,0,1,4
2023-24,WBB,Queen's,W20231104QUENIP,Allison Smith,1,0,15,1,3,0,1,0,0,0,1,1,1,1,0,0,0,3
2023-24,WBB,Queen's,W20231104QUENIP,Kiera Spencer,1,0,15,1,3,0,1,1,2,2,0,2,0,0,1,0,0,4
2023-24,WBB,Queen's,W20231104QUENIP,Emma Weltz,1,1,21,0,0,2,5,3,4,0,0,0,0,1,1,0,3,7
2023-24,WBB,Queen's,W20231110LAUQUE,Haley Barbieri,1,0,15,0,3,1,3,1,1,0,1,1,1,0,2,0,1,3
2023-24,WBB,Queen's,W20231110LAUQUE,Isabella Belvedere,1,1,24,2,5,0,1,4,4,0,0,0,1,1,4,0,1,10
2023-24,WBB,Queen's,W20231110LAUQUE,Julia Chadwick,1,1,21,1,1,0,7,6,8,1,8,9,3,1,2,0,2,9
2023-24,WBB,Queen's,W20231110LAUQUE,Laura Donovan,1,1,23,4,7,1,2,2,2,0,1,1,4,0,1,0,1,16
2023-24,WBB,Queen's,W20231110LAUQUE,Isabella Gaudet,1,0,15,3,9,3,3,2,4,1,4,5,2,1,0,0,3,17
2023-24,WBB,Queen's,W20231110LAUQUE,Amy Hagman,1,0,6,1,1,0,0,0,0,0,0,0,1,0,0,1,0,3
2023-24,WBB,Queen's,W20231110LAUQUE,Mikayla McFarlane,1,0,17,0,1,0,1,2,2,1,5,6,3,1,0,0,2,2
2023-24,WBB,Queen's,W20231110LAUQUE,Bridget Mulholland,1,1,24,0,2,2,4,3,3,2,3,5,2,0,2,0,2,7
2023-24,WBB,Queen's,W20231110LAUQUE,Katrina Renon,1,0,12,0,1,1,2,0,2,0,3,3,4,0,0,0,0,2
2023-24,WBB,Queen's,W20231110LAUQUE,Allison Smith,1,0,12,0,1,0,1,0,0,0,1,1,1,2,2,0,1,0
2023-24,WBB,Queen's,W20231110LAUQUE,Kiera Spencer,1,0,5,0,0,0,0,0,0,0,1,1,1,0,0,0,0,0
2023-24,WBB,Queen's,W20231110LAUQUE,Emma Weltz,1,1,27,0,1,2,5,2,3,0,0,0,1,6,3,0,1,6
2023-24,WBB,Queen's,W20231111NIPQUE,Haley Barbieri,1,0,15,3,6,3,4,3,3,0,2,2,0,1,1,0,2,18
2023-24,WBB,Queen's,W20231111NIPQUE,Isabella Belvedere,1,1,19,0,4,0,1,0,0,0,2,2,3,1,1,0,1,0
2023-24,WBB,Queen's,W20231111NIPQUE,Julia Chadwick,1,1,25,0,0,8,15,8,9,7,5,12,2,2,4,1,0,24
2023-24,WBB,Queen's,W20231111NIPQUE,Laura Donovan,1,1,26,0,7,2,4,2,2,0,3,3,1,0,1,0,1,6
2023-24,WBB,Queen's,W20231111NIPQUE,Isabella Gaudet,1,0,20,0,2,4,6,0,0,3,4,7,4,1,1,0,2,8
2023-24,WBB,Queen's,W20231111NIPQUE,Amy Hagman,1,0,7,0,1,0,1,0,0,0,0,0,0,0,0,0,0,0
2023-24,WBB,Queen's,W20231111NIPQUE,Mikayla McFarlane,1,0,15,0,1,2,4,0,1,1,1,2,2,1,0,0,2,4
2023-24,WBB,Queen's,W20231111NIPQUE,Bridget Mulholland,1,1,22,0,1,2,5,5,6,3,1,4,1,2,0,0,1,9
2023-24,WBB,Queen's,W20231111NIPQUE,Katrina Renon,1,0,12,0,1,2,2,0,0,1,0,1,0,0,0,0,0,4
2023-24,WBB,Queen's,W20231111NIPQUE,Allison Smith,1,0,10,0,1,0,1,0,0,0,0,0,3,2,0,0,0,0
2023-24,WBB,Queen's,W20231111NIPQUE,Kiera Spencer,1,0,6,0,1,0,0,0,0,0,0,0,1,0,0,0,0,0
2023-24,WBB,Queen's,W20231111NIPQUE,Emma Weltz,1,1,25,0,2,3,5,0,0,0,3,3,0,3,0,0,2,6
2023-24,WBB,Queen's,W20231117QUEONT,Haley Barbieri,1,0,11,0,1,1,4,1,2,0,3,3,2,0,0,0,0,3
2023-24,WBB,Queen's,W20231117QUEONT,Isabella Belvedere,1,1,17,2,6,0,1,0,0,1,2,3,3,3,1,0,2,6
2023-24,WBB,Queen's,W20231117QUEONT,Julia Chadwick,1,1,21,0,0,6,11,2,4,2,4,6,0,3,6,4,0,14
2023-24,WBB,Queen's,W20231117QUEONT,Laura Donovan,1,1,25,0,6,3,4,0,1,2,3,5,0,1,2,2,0,6
2023-24,WBB,Queen's,W20231117QUEONT,Isabella Gaudet,1,0,22,1,1,2,4,1,2,0,2,2,2,1,1,0,4,8
2023-24,WBB,Queen's,W20231117QUEONT,Amy Hagman,1,0,4,0,1,0,0,0,0,0,1,1,1,1,1,0,0,0
2023-24,WBB,Queen's,W20231117QUEONT,Mikayla McFarlane,1,0,21,3,3,4,10,2,2,6,2,8,1,1,1,0,3,19
2023-24,WBB,Queen's,W20231117QUEONT,Bridget Mulholland,1,1,18,0,1,2,4,1,1,1,6,7,0,0,0,0,3,5
2023-24,WBB,Queen's,W20231117QUEONT,Katrina Renon,1,0,18,0,1,2,7,5,5,3,2,5,1,0,0,0,2,9
2023-24,WBB,Queen's,W20231117QUEONT,Allison Smith,1,0,17,0,2,0,0,0,0,1,1,2,1,2,1,0,0,0
2023-24,WBB,Queen's,W20231117QUEONT,Kiera Spencer,1,0,8,2,3,1,2,0,0,1,1,2,1,0,0,0,0,8
2023-24,WBB,Queen's,W20231117QUEONT,Emma Weltz,1,1,18,1,2,2,3,0,0,1,1,2,3,3,3,0,0,7
2023-24,WBB,Queen's,W20231118ONTQUE,Aluel Achiek,1,0,10,0,0,0,0,0,2,2,1,3,1,2,1,0,1,0
2023-24,WBB,Queen's,W20231118ONTQUE,Haley Barbieri,1,0,20,2,6,3,4,1,1,1,1,2,0,3,3,0,0,13
2023-24,WBB,Queen's,W20231118ONTQUE,Julia Chadwick,1,1,17,1,1,8,12,1,1,5,2,7,1,1,2,0,3,20
2023-24,WBB,Queen's,W20231118ONTQUE,Laura Donovan,1,1,18,2,4,2,4,2,2,0,0,0,1,1,1,0,3,12
2023-24,WBB,Queen's,W20231118ONTQUE,Isabella Gaudet,1,1,19,2,4,2,4,0,0,1,6,7,3,4,0,1,4,10
2023-24,WBB,Queen's,W20231118ONTQUE,Amy Hagman,1,0,11,1,3,0,0,1,2,0,0,0,2,1,1,0,1,4
2023-24,WBB,Queen's,W20231118ONTQUE,Mikayla McFarlane,1,0,17,0,0,4,5,2,3,2,4,6,2,2,3,1,1,10
2023-24,WBB,Queen's,W20231118ONTQUE,Bridget Mulholland,1,1,18,1,1,1,1,2,2,0,4,4,0,4,2,0,3,7
2023-24,WBB,Queen's,W20231118ONTQUE,Katrina Renon,1,0,19,2,4,0,0,0,0,0,7,7,2,0,1,1,0,6
2023-24,WBB,Queen's,W20231118ONTQUE,Allison Smith,1,0,21,1,5,1,2,0,0,0,1,1,1,1,1,1,2,5
2023-24,WBB,Queen's,W20231118ONTQUE,Kiera Spencer,1,0,13,0,4,0,2,0,0,1,3,4,2,0,0,0,0,0
2023-24,WBB,Queen's,W20231118ONTQUE,team-queens,1,0,0,0,0,0,0,0,0,0,0,0,0,0,1,0,0,0
2023-24,WBB,Queen's,W20231118ONTQUE,Emma Weltz,1,1,18,0,1,4,4,2,2,0,4,4,0,3,2,0,3,10
2023-24,WBB,Queen's,W20231124BRKQUE,Haley Barbieri,1,0,16,1,3,0,3,2,2,1,1,2,1,1,2,0,0,5
2023-24,WBB,Queen's,W20231124BRKQUE,Julia Chadwick,1,1,26,0,1,4,12,0,1,4,7,11,3,3,0,2,5,8
2023-24,WBB,Queen's,W20231124BRKQUE,Laura Donovan,1,1,33,4,14,3,6,0,0,1,1,2,1,0,1,0,1,18
2023-24,WBB,Queen's,W20231124BRKQUE,Isabella Gaudet,1,1,33,1,3,1,4,2,2,0,0,0,2,2,1,0,4,7
2023-24,WBB,Queen's,W20231124BRKQUE,Amy Hagman,1,0,2,0,2,0,0,0,0,0,0,0,0,0,0,0,0,0
2023-24,WBB,Queen's,W20231124BRKQUE,Mikayla McFarlane,1,0,19,0,0,2,4,1,2,3,1,4,1,1,1,0,0,5
2023-24,WBB,Queen's,W20231124BRKQUE,Bridget Mulholland,1,1,22,0,0,2,4,0,0,2,1,3,1,4,0,0,2,4
2023-24,WBB,Queen's,W20231124BRKQUE,Katrina Renon,1,0,13,1,2,0,2,4,4,2,3,5,0,0,1,0,0,7
2023-24,WBB,Queen's,W20231124BRKQUE,Allison Smith,1,0,7,1,4,0,1,0,0,0,1,1,0,0,0,0,0,3
2023-24,WBB,Queen's,W20231124BRKQUE,Kiera Spencer,1,0,3,0,1,0,0,0,0,0,0,0,0,0,0,0,0,0
2023-24,WBB,Queen's,W20231124BRKQUE,Emma Weltz,1,1,26,0,6,3,5,3,3,1,2,3,3,5,2,0,0,9
2023-24,WBB,Queen's,W20231201QUEGUE,Maddy Boyd,1,0,2,0,0,0,0,0,0,0,0,0,0,0,0,0,0,0
2023-24,WBB,Queen's,W20231201QUEGUE,Julia Chadwick,1,1,16,1,1,3,6,0,0,1,5,6,4,3,1,0,2,9
2023-24,WBB,Queen's,W20231201QUEGUE,Laura Donovan,1,1,32,4,10,1,3,5,6,1,2,3,3,3,5,0,3,19
2023-24,WBB,Queen's,W20231201QUEGUE,Isabella Gaudet,1,1,31,2,3,1,8,4,4,2,4,6,1,3,1,1,5,12
2023-24,WBB,Queen's,W20231201QUEGUE,Amy Hagman,1,0,7,1,2,0,0,0,0,0,2,2,0,0,0,0,0,3
2023-24,WBB,Queen's,W20231201QUEGUE,Mikayla McFarlane,1,0,25,0,0,3,6,3,4,0,2,2,1,1,4,1,2,9
2023-24,WBB,Queen's,W20231201QUEGUE,Bridget Mulholland,1,1,26,0,1,1,3,1,2,1,4,5,0,1,1,2,3,3
2023-24,WBB,Queen's,W20231201QUEGUE,Katrina Renon,1,0,14,0,1,0,1,3,4,1,4,5,0,1,0,1,0,3
2023-24,WBB,Queen's,W20231201QUEGUE,Allison Smith,1,0,16,0,2,0,1,0,0,0,0,0,1,0,1,0,0,0
2023-24,WBB,Queen's,W20231201QUEGUE,Emma Weltz,1,1,32,0,1,2,9,5,6,2,5,7,1,3,2,0,1,9
2023-24,WBB,Queen's,W20231202QUEALG,Aluel Achiek,1,0,6,0,0,0,2,0,0,1,1,2,0,1,0,0,0,0
2023-24,WBB,Queen's,W20231202QUEALG,Maddy Boyd,1,0,7,0,1,0,1,0,0,1,1,2,0,0,2,0,0,0
2023-24,WBB,Queen's,W20231202QUEALG,Julia Chadwick,1,1,21,0,3,11,15,1,2,6,5,11,1,1,3,0,0,23
2023-24,WBB,Queen's,W20231202QUEALG,Laura Donovan,1,1,28,1,3,3,6,2,2,0,1,1,0,2,1,1,3,11
2023-24,WBB,Queen's,W20231202QUEALG,Isabella Gaudet,1,1,27,4,7,3,4,0,0,0,3,3,3,0,1,2,8,18
2023-24,WBB,Queen's,W20231202QUEALG,Amy Hagman,1,0,13,1,4,0,2,0,0,1,1,2,0,0,2,0,0,3
2023-24,WBB,Queen's,W20231202QUEALG,Mikayla McFarlane,1,0,17,0,4,0,4,0,0,2,2,4,0,2,1,0,0,0
2023-24,WBB,Queen's,W20231202QUEALG,Bridget Mulholland,1,1,17,1,4,0,5,2,2,3,2,5,0,2,0,0,1,5
2023-24,WBB,Queen's,W20231202QUEALG,Katrina Renon,1,0,13,0,5,2,4,0,0,1,4,5,0,0,0,2,0,4
2023-24,WBB,Queen's,W20231202QUEALG,Allison Smith,1,0,19,0,2,1,1,0,0,1,3,4,1,3,0,1,2,2
2023-24,WBB,Queen's,W20231202QUEALG,Emma Weltz,1,1,32,0,0,0,1,3,4,1,1,2,1,5,4,0,4,3
2023-24,WBB,Queen's,W20240105OTTQUE,Haley Barbieri,1,0,12,0,2,0,1,0,0,1,1,2,1,1,2,0,0,0
2023-24,WBB,Queen's,W20240105OTTQUE,Julia Chadwick,1,1,35,1,4,6,13,2,2,4,7,11,1,1,0,4,2,17
2023-24,WBB,Queen's,W20240105OTTQUE,Laura Donovan,1,1,32,0,3,5,11,4,6,4,3,7,4,2,2,0,0,14
2023-24,WBB,Queen's,W20240105OTTQUE,Isabella Gaudet,1,1,35,2,5,3,5,3,4,0,5,5,3,0,1,1,1,15
2023-24,WBB,Queen's,W20240105OTTQUE,Mikayla McFarlane,1,0,15,0,0,1,3,0,0,0,3,3,0,1,0,1,0,2
2023-24,WBB,Queen's,W20240105OTTQUE,Bridget Mulholland,1,1,29,1,2,1,4,2,2,2,6,8,2,3,4,1,5,7
2023-24,WBB,Queen's,W20240105OTTQUE,Katrina Renon,1,0,2,0,0,0,1,0,0,0,0,0,0,0,0,0,0,0
2023-24,WBB,Queen's,W20240105OTTQUE,Allison Smith,1,0,8,0,0,0,0,0,0,0,0,0,0,0,0,0,0,0
2023-24,WBB,Queen's,W20240105OTTQUE,team-queens,1,0,0,0,0,0,0,0,0,5,1,6,0,0,1,0,0,0
2023-24,WBB,Queen's,W20240105OTTQUE,Emma Weltz,1,1,33,1,3,5,11,2,4,1,4,5,0,3,1,0,1,15
2023-24,WBB,Queen's,W20240106CARQUE,Haley Barbieri,1,0,14,0,2,2,3,0,0,1,0,1,0,1,2,0,3,4
2023-24,WBB,Queen's,W20240106CARQUE,Julia Chadwick,1,1,30,0,2,7,11,2,3,2,6,8,4,0,2,2,0,16
2023-24,WBB,Queen's,W20240106CARQUE,Laura Donovan,1,1,39,6,17,4,8,5,6,1,1,2,0,1,3,0,3,31
2023-24,WBB,Queen's,W20240106CARQUE,Isabella Gaudet,1,1,32,2,5,1,4,0,0,0,1,1,4,2,2,0,2,8
2023-24,WBB,Queen's,W20240106CARQUE,Mikayla McFarlane,1,0,20,0,1,0,2,3,4,1,2,3,3,0,1,1,1,3
2023-24,WBB,Queen's,W20240106CARQUE,Bridget Mulholland,1,1,31,0,0,1,2,2,2,8,5,13,3,3,3,0,3,4
2023-24,WBB,Queen's,W20240106CARQUE,Allison Smith,1,0,4,0,1,0,0,0,0,0,0,0,0,0,0,0,0,0
2023-24,WBB,Queen's,W20240106CARQUE,Emma Weltz,1,1,30,0,2,0,4,2,2,0,2,2,5,1,5,0,1,2
2023-24,WBB,Queen's,W20240112QUEMAC,Haley Barbieri,1,0,24,3,6,4,7,1,2,1,4,5,1,2,2,0,1,18
2023-24,WBB,Queen's,W20240112QUEMAC,Maddy Boyd,1,0,6,0,0,1,1,0,0,1,2,3,0,0,1,1,0,2
2023-24,WBB,Queen's,W20240112QUEMAC,Julia Chadwick,1,1,22,1,1,10,14,1,2,5,4,9,2,1,2,1,0,24
2023-24,WBB,Queen's,W20240112QUEMAC,Laura Donovan,1,1,24,1,3,0,2,1,2,1,2,3,0,5,3,0,4,4
2023-24,WBB,Queen's,W20240112QUEMAC,Isabella Gaudet,1,1,26,2,3,1,4,0,0,1,5,6,2,3,0,0,1,8
2023-24,WBB,Queen's,W20240112QUEMAC,Amy Hagman,1,0,6,1,1,0,0,1,2,1,3,4,0,0,0,0,0,4
2023-24,WBB,Queen's,W20240112QUEMAC,Mikayla McFarlane,1,0,18,0,1,1,2,6,6,2,4,6,2,1,2,0,0,8
2023-24,WBB,Queen's,W20240112QUEMAC,Bridget Mulholland,1,1,19,1,1,2,2,3,4,1,3,4,1,3,0,0,1,10
2023-24,WBB,Queen's,W20240112QUEMAC,Katrina Renon,1,0,14,1,1,0,2,5,6,3,5,8,1,1,0,1,0,8
2023-24,WBB,Queen's,W20240112QUEMAC,Allison Smith,1,0,15,0,3,0,1,0,0,0,0,0,2,2,1,0,2,0
2023-24,WBB,Queen's,W20240112QUEMAC,Kiera Spencer,1,0,10,2,4,0,1,1,2,0,1,1,1,0,0,0,0,7
2023-24,WBB,Queen's,W20240112QUEMAC,Emma Weltz,1,1,18,0,2,4,6,0,0,1,2,3,1,4,4,0,2,8
2023-24,WBB,Queen's,W20240113QUEYRK,Haley Barbieri,1,0,15,0,2,0,2,2,2,0,1,1,3,2,4,0,0,2
2023-24,WBB,Queen's,W20240113QUEYRK,Julia Chadwick,1,1,32,1,1,17,22,6,8,8,19,27,3,4,4,5,2,43
2023-24,WBB,Queen's,W20240113QUEYRK,Laura Donovan,1,1,26,1,4,1,3,6,7,0,0,0,4,5,0,0,1,11
2023-24,WBB,Queen's,W20240113QUEYRK,Isabella Gaudet,1,1,26,0,2,3,7,2,2,1,2,3,3,1,1,0,1,8
2023-24,WBB,Queen's,W20240113QUEYRK,Amy Hagman,1,0,9,0,0,0,0,0,0,0,0,0,1,0,1,0,2,0
2023-24,WBB,Queen's,W20240113QUEYRK,Mikayla McFarlane,1,0,18,0,0,3,5,9,9,2,5,7,1,1,0,0,3,15
2023-24,WBB,Queen's,W20240113QUEYRK,Bridget Mulholland,1,1,25,0,3,3,5,1,1,1,1,2,2,4,1,0,3,7
2023-24,WBB,Queen's,W20240113QUEYRK,Katrina Renon,1,0,6,0,0,0,4,2,2,2,0,2,1,0,1,0,0,2
2023-24,WBB,Queen's,W20240113QUEYRK,Allison Smith,1,0,5,0,0,0,0,1,2,0,0,0,0,0,1,0,0,1
2023-24,WBB,Queen's,W20240113QUEYRK,Kiera Spencer,1,0,12,0,1,0,0,2,2,1,3,4,0,0,0,0,0,2
2023-24,WBB,Queen's,W20240113QUEYRK,team-queens,1,0,0,0,0,0,0,0,0,0,0,0,0,0,1,0,0,0
2023-24,WBB,Queen's,W20240113QUEYRK,Emma Weltz,1,1,26,0,1,2,6,0,0,1,3,4,0,6,2,1,1,4
2023-24,WBB,Queen's,W20240119TMUQUE,Haley Barbieri,1,0,19,0,2,1,2,2,2,0,0,0,1,0,1,0,2,4
2023-24,WBB,Queen's,W20240119TMUQUE,Julia Chadwick,1,1,29,1,1,4,15,2,2,8,11,19,2,3,4,2,2,13
2023-24,WBB,Queen's,W20240119TMUQUE,Laura Donovan,1,1,34,3,7,1,4,4,4,0,1,1,1,2,2,1,1,15
2023-24,WBB,Queen's,W20240119TMUQUE,Isabella Gaudet,1,1,31,2,4,1,6,4,4,0,2,2,1,3,2,0,2,12
2023-24,WBB,Queen's,W20240119TMUQUE,Mikayla McFarlane,1,0,19,0,1,5,7,2,2,4,2,6,2,0,1,0,0,12
2023-24,WBB,Queen's,W20240119TMUQUE,Bridget Mulholland,1,1,24,0,2,2,6,0,0,1,11,12,3,2,3,0,3,4
2023-24,WBB,Queen's,W20240119TMUQUE,Katrina Renon,1,0,7,0,1,1,1,0,0,0,0,0,0,0,1,0,0,2
2023-24,WBB,Queen's,W20240119TMUQUE,Allison Smith,1,0,4,0,1,0,0,0,0,0,1,1,1,2,0,0,0,0
2023-24,WBB,Queen's,W20240119TMUQUE,Kiera Spencer,1,0,4,1,1,0,0,0,0,0,0,0,1,0,0,0,0,3
2023-24,WBB,Queen's,W20240119TMUQUE,team-queens,1,0,0,0,0,0,0,0,0,4,4,8,0,0,1,0,0,0
2023-24,WBB,Queen's,W20240119TMUQUE,Emma Weltz,1,1,29,0,1,4,4,2,2,0,0,0,1,4,2,1,0,10
2023-24,WBB,Queen's,W20240120TORQUE,Haley Barbieri,1,0,15,0,4,1,3,1,1,0,0,0,0,1,0,0,0,3
2023-24,WBB,Queen's,W20240120TORQUE,Maddy Boyd,1,0,3,0,0,0,0,0,0,0,1,1,1,0,1,0,0,0
2023-24,WBB,Queen's,W20240120TORQUE,Julia Chadwick,1,1,31,0,0,11,17,6,11,6,9,15,2,1,5,3,2,28
2023-24,WBB,Queen's,W20240120TORQUE,Laura Donovan,1,1,34,4,5,3,10,1,2,0,1,1,4,1,0,0,1,19
2023-24,WBB,Queen's,W20240120TORQUE,Isabella Gaudet,1,1,26,1,2,4,5,1,2,0,1,1,3,2,3,0,0,12
2023-24,WBB,Queen's,W20240120TORQUE,Mikayla McFarlane,1,0,11,0,0,1,2,0,0,1,4,5,2,0,1,1,0,2
2023-24,WBB,Queen's,W20240120TORQUE,Bridget Mulholland,1,1,28,0,0,0,2,1,2,2,9,11,4,1,1,0,1,1
2023-24,WBB,Queen's,W20240120TORQUE,Katrina Renon,1,0,7,0,0,1,1,1,2,2,1,3,0,0,1,1,0,3
2023-24,WBB,Queen's,W20240120TORQUE,Allison Smith,1,0,14,0,1,1,1,0,0,0,0,0,2,1,2,0,0,2
2023-24,WBB,Queen's,W20240120TORQUE,Kiera Spencer,1,0,5,0,0,0,0,0,0,0,0,0,1,0,0,0,0,0
2023-24,WBB,Queen's,W20240120TORQUE,team-queens,1,0,0,0,0,0,0,0,0,2,3,5,0,0,1,0,0,0
2023-24,WBB,Queen's,W20240120TORQUE,Emma Weltz,1,1,26,1,3,1,4,6,7,0,3,3,0,3,2,2,2,11
2023-24,WBB,Queen's,W20240126WESQUE,Haley Barbieri,1,0,23,1,3,2,2,1,2,1,4,5,3,2,1,0,2,8
2023-24,WBB,Queen's,W20240126WESQUE,Maddy Boyd,1,0,8,0,0,0,3,0,2,0,3,3,1,0,0,0,0,0
2023-24,WBB,Queen's,W20240126WESQUE,Julia Chadwick,1,1,27,0,1,13,17,3,6,5,10,15,1,3,1,2,0,29
2023-24,WBB,Queen's,W20240126WESQUE,Laura Donovan,1,1,23,3,6,2,5,1,2,0,0,0,3,2,1,0,0,14
2023-24,WBB,Queen's,W20240126WESQUE,Isabella Gaudet,1,1,30,2,6,1,2,2,2,0,3,3,2,3,4,0,1,10
2023-24,WBB,Queen's,W20240126WESQUE,Amy Hagman,1,0,8,1,2,1,1,0,0,1,1,2,1,1,0,0,0,5
2023-24,WBB,Queen's,W20240126WESQUE,Bridget Mulholland,1,1,24,0,1,2,7,0,0,1,4,5,0,2,0,0,3,4
2023-24,WBB,Queen's,W20240126WESQUE,Katrina Renon,1,0,21,0,1,2,5,2,2,2,4,6,0,0,0,1,0,6
2023-24,WBB,Queen's,W20240126WESQUE,Allison Smith,1,0,15,0,1,0,0,0,0,0,2,2,2,5,1,0,0,0
2023-24,WBB,Queen's,W20240126WESQUE,Kiera Spencer,1,0,4,0,0,0,1,0,0,0,0,0,0,0,0,0,0,0
2023-24,WBB,Queen's,W20240126WESQUE,Emma Weltz,1,1,17,1,3,4,8,1,2,0,3,3,2,3,0,0,1,12
2023-24,WBB,Queen's,W20240127WINQUE,Haley Barbieri,1,0,19,0,0,1,4,1,1,0,2,2,1,1,1,0,1,3
2023-24,WBB,Queen's,W20240127WINQUE,Julia Chadwick,1,1,31,0,1,2,11,5,5,3,6,9,4,1,3,1,2,9
2023-24,WBB,Queen's,W20240127WINQUE,Laura Donovan,1,1,35,1,5,1,4,1,2,0,3,3,2,3,2,2,0,6
2023-24,WBB,Queen's,W20240127WINQUE,Isabella Gaudet,1,1,14,0,2,0,0,2,2,0,2,2,3,0,0,1,3,2
2023-24,WBB,Queen's,W20240127WINQUE,Bridget Mulholland,1,1,34,1,2,7,9,2,2,0,6,6,1,0,1,1,1,19
2023-24,WBB,Queen's,W20240127WINQUE,Katrina Renon,1,0,15,0,1,0,2,0,0,2,3,5,1,0,1,1,3,0
2023-24,WBB,Queen's,W20240127WINQUE,Allison Smith,1,0,11,0,4,0,1,2,2,0,1,1,1,0,0,0,1,2
2023-24,WBB,Queen's,W20240127WINQUE,Kiera Spencer,1,0,4,0,2,0,0,0,0,0,0,0,0,0,0,0,0,0
2023-24,WBB,Queen's,W20240127WINQUE,team-queens,1,0,0,0,0,0,0,0,0,0,0,0,0,0,1,0,0,0
2023-24,WBB,Queen's,W20240127WINQUE,Emma Weltz,1,1,37,0,2,3,9,7,12,1,1,2,3,3,2,0,0,13
2023-24,WBB,Queen's,W20240202QUEWLU,Haley Barbieri,1,1,32,1,5,1,1,1,2,1,7,8,2,5,3,0,1,6
2023-24,WBB,Queen's,W20240202QUEWLU,Julia Chadwick,1,1,26,1,1,7,14,1,4,3,8,11,1,3,2,2,2,18
2023-24,WBB,Queen's,W20240202QUEWLU,Laura Donovan,1,1,30,4,7,5,7,2,3,0,7,7,0,1,5,1,0,24
2023-24,WBB,Queen's,W20240202QUEWLU,Amy Hagman,1,0,5,0,1,0,1,0,0,1,1,2,0,0,0,0,0,0
2023-24,WBB,Queen's,W20240202QUEWLU,Mikayla McFarlane,1,0,17,0,0,0,1,2,2,2,4,6,1,3,0,0,1,2
2023-24,WBB,Queen's,W20240202QUEWLU,Bridget Mulholland,1,1,23,0,0,1,4,0,0,4,1,5,2,3,2,0,4,2
2023-24,WBB,Queen's,W20240202QUEWLU,Katrina Renon,1,0,13,0,1,1,2,0,0,1,4,5,1,1,0,1,0,2
2023-24,WBB,Queen's,W20240202QUEWLU,Allison Smith,1,0,15,1,5,1,1,0,0,0,0,0,2,1,0,0,1,5
2023-24,WBB,Queen's,W20240202QUEWLU,Kiera Spencer,1,0,13,1,3,0,3,0,0,1,0,1,1,1,1,0,0,3
2023-24,WBB,Queen's,W20240202QUEWLU,Emma Weltz,1,1,26,1,3,3,4,4,5,0,3,3,2,7,3,0,0,13
2023-24,WBB,Queen's,W20240203QUEWAT,Haley Barbieri,1,1,28,0,6,0,0,3,6,0,4,4,1,3,3,0,2,3
2023-24,WBB,Queen's,W20240203QUEWAT,Maddy Boyd,1,0,3,0,0,0,0,0,0,0,0,0,0,1,0,0,0,0
2023-24,WBB,Queen's,W20240203QUEWAT,Julia Chadwick,1,1,31,1,2,4,13,7,16,2,8,10,3,1,1,4,1,18
2023-24,WBB,Queen's,W20240203QUEWAT,Laura Donovan,1,1,33,2,8,2,5,5,6,2,0,2,3,1,6,1,0,15
2023-24,WBB,Queen's,W20240203QUEWAT,Amy Hagman,1,0,2,0,0,0,0,0,0,0,0,0,1,1,0,0,0,0
2023-24,WBB,Queen's,W20240203QUEWAT,Mikayla McFarlane,1,0,11,0,0,1,1,1,2,0,0,0,2,2,1,0,2,3
2023-24,WBB,Queen's,W20240203QUEWAT,Bridget Mulholland,1,1,28,0,1,0,2,3,4,3,3,6,1,0,2,0,4,3
2023-24,WBB,Queen's,W20240203QUEWAT,Katrina Renon,1,0,8,0,1,1,3,0,0,3,2,5,1,2,0,0,0,2
2023-24,WBB,Queen's,W20240203QUEWAT,Allison Smith,1,0,17,1,3,0,0,0,0,0,3,3,1,1,1,0,0,3
2023-24,WBB,Queen's,W20240203QUEWAT,Kiera Spencer,1,0,4,2,3,0,0,0,0,0,0,0,1,0,0,0,0,6
2023-24,WBB,Queen's,W20240203QUEWAT,Emma Weltz,1,1,35,3,5,1,1,3,4,1,2,3,2,2,2,0,3,14
2023-24,WBB,Queen's,W20240209LAKQUE,Haley Barbieri,1,1,26,1,3,2,4,2,3,0,3,3,0,1,0,0,0,9
2023-24,WBB,Queen's,W20240209LAKQUE,Maddy Boyd,1,0,9,0,0,0,1,3,4,3,2,5,1,2,2,1,1,3
2023-24,WBB,Queen's,W20240209LAKQUE,Julia Chadwick,1,1,22,0,1,9,13,1,4,4,9,13,2,7,2,0,3,19
2023-24,WBB,Queen's,W20240209LAKQUE,Laura Donovan,1,1,22,1,4,2,5,0,1,0,0,0,0,1,1,0,1,7
2023-24,WBB,Queen's,W20240209LAKQUE,Isabella Gaudet,1,0,7,1,2,1,2,0,0,0,2,2,1,1,0,0,0,5
2023-24,WBB,Queen's,W20240209LAKQUE,Amy Hagman,1,0,12,0,2,0,0,0,0,1,0,1,3,0,1,0,0,0
2023-24,WBB,Queen's,W20240209LAKQUE,Mikayla McFarlane,1,0,14,0,1,1,3,7,8,4,4,8,1,1,1,0,0,9
2023-24,WBB,Queen's,W20240209LAKQUE,Bridget Mulholland,1,1,20,0,1,2,4,0,0,3,5,8,0,3,0,0,2,4
2023-24,WBB,Queen's,W20240209LAKQUE,Katrina Renon,1,0,14,0,0,0,3,1,2,0,5,5,1,0,1,0,0,1
2023-24,WBB,Queen's,W20240209LAKQUE,Allison Smith,1,0,16,2,6,1,1,0,0,0,3,3,0,2,0,0,2,8
2023-24,WBB,Queen's,W20240209LAKQUE,Kiera Spencer,1,0,11,1,3,0,0,0,0,0,0,0,0,0,0,0,0,3
2023-24,WBB,Queen's,W20240209LAKQUE,Emma Weltz,1,1,26,1,2,4,6,3,4,0,5,5,1,5,1,0,0,14
2023-24,WBB,Queen's,W20240216QUEOTT,Aluel Achiek,1,0,1,0,0,0,0,0,0,0,0,0,0,0,0,0,0,0
2023-24,WBB,Queen's,W20240216QUEOTT,Haley Barbieri,1,0,15,1,2,0,0,0,0,0,1,1,2,1,2,0,0,3
2023-24,WBB,Queen's,W20240216QUEOTT,Julia Chadwick,1,1,35,0,1,7,19,8,14,5,8,13,2,3,4,2,1,22
2023-24,WBB,Queen's,W20240216QUEOTT,Laura Donovan,1,1,38,3,5,5,9,2,2,0,1,1,0,1,1,0,1,21
2023-24,WBB,Queen's,W20240216QUEOTT,Isabella Gaudet,1,1,33,2,3,2,4,1,1,0,3,3,4,3,2,2,4,11
2023-24,WBB,Queen's,W20240216QUEOTT,Mikayla McFarlane,1,0,12,0,0,2,2,2,3,1,2,3,0,0,2,0,0,6
2023-24,WBB,Queen's,W20240216QUEOTT,Bridget Mulholland,1,1,31,0,1,2,8,2,3,5,3,8,1,0,2,0,3,6
2023-24,WBB,Queen's,W20240216QUEOTT,Allison Smith,1,0,1,0,0,0,0,0,0,0,0,0,0,0,0,0,0,0
2023-24,WBB,Queen's,W20240216QUEOTT,Emma Weltz,1,1,34,0,1,1,5,0,0,2,3,5,3,4,5,0,0,2
2023-24,WBB,Queen's,W20240217QUECAR,Haley Barbieri,1,0,17,0,1,1,1,2,2,1,1,2,1,2,2,0,0,4
2023-24,WBB,Queen's,W20240217QUECAR,Julia Chadwick,1,1,39,1,5,6,17,4,4,5,12,17,1,3,1,3,2,19
2023-24,WBB,Queen's,W20240217QUECAR,Laura Donovan,1,1,39,2,7,3,5,5,7,1,1,2,1,3,4,0,2,17
2023-24,WBB,Queen's,W20240217QUECAR,Isabella Gaudet,1,1,22,1,2,1,4,4,4,0,1,1,4,0,1,0,0,9
2023-24,WBB,Queen's,W20240217QUECAR,Mikayla McFarlane,1,0,6,0,0,0,0,2,2,0,1,1,1,0,0,0,0,2
2023-24,WBB,Queen's,W20240217QUECAR,Bridget Mulholland,1,1,35,0,1,1,2,0,0,2,4,6,2,3,1,0,0,2
2023-24,WBB,Queen's,W20240217QUECAR,Allison Smith,1,0,4,0,1,0,0,0,0,0,1,1,1,0,0,0,0,0
2023-24,WBB,Queen's,W20240217QUECAR,Kiera Spencer,1,0,3,0,1,0,1,0,0,0,0,0,1,0,0,0,0,0
2023-24,WBB,Queen's,W20240217QUECAR,team-queens,1,0,0,0,0,0,0,0,0,0,0,0,0,0,1,0,0,0
2023-24,WBB,Queen's,W20240217QUECAR,Emma Weltz,1,1,35,1,3,2,4,3,3,0,5,5,4,2,4,0,0,10
2023-24,WBB,Queen's,W20240224QUEGUE,Haley Barbieri,1,0,21,0,3,2,2,0,0,1,3,4,0,1,7,0,1,4
2023-24,WBB,Queen's,W20240224QUEGUE,Julia Chadwick,1,1,30,0,0,10,19,3,7,4,11,15,4,3,1,2,3,23
2023-24,WBB,Queen's,W20240224QUEGUE,Laura Donovan,1,1,33,0,6,3,4,3,3,2,2,4,1,3,2,1,2,9
2023-24,WBB,Queen's,W20240224QUEGUE,Isabella Gaudet,1,1,31,1,2,2,6,0,0,0,1,1,2,2,2,0,2,7
2023-24,WBB,Queen's,W20240224QUEGUE,Mikayla McFarlane,1,0,16,0,0,0,4,2,2,3,1,4,1,3,2,0,1,2
2023-24,WBB,Queen's,W20240224QUEGUE,Bridget Mulholland,1,1,25,0,0,3,8,0,0,3,3,6,4,3,2,0,1,6
2023-24,WBB,Queen's,W20240224QUEGUE,Katrina Renon,1,0,8,0,1,0,1,3,4,1,2,3,0,0,0,1,0,3
2023-24,WBB,Queen's,W20240224QUEGUE,Allison Smith,1,0,3,0,0,0,0,0,0,0,0,0,1,0,2,0,1,0
2023-24,WBB,Queen's,W20240224QUEGUE,Emma Weltz,1,1,33,1,2,4,7,3,3,2,7,9,2,4,4,0,0,14
2023-24,WBB,Queen's,W20240228QUETMU,Haley Barbieri,1,0,17,1,2,2,5,0,0,1,0,1,1,2,0,0,0,7
2023-24,WBB,Queen's,W20240228QUETMU,Julia Chadwick,1,1,27,1,3,10,23,2,5,7,10,17,4,3,2,1,3,25
2023-24,WBB,Queen's,W20240228QUETMU,Laura Donovan,1,1,38,3,8,2,6,3,4,2,1,3,0,4,2,0,2,16
2023-24,WBB,Queen's,W20240228QUETMU,Isabella Gaudet,1,1,35,1,5,1,5,1,2,1,3,4,2,1,1,0,1,6
2023-24,WBB,Queen's,W20240228QUETMU,Mikayla McFarlane,1,0,17,0,0,1,2,3,4,1,2,3,4,0,1,0,0,5
2023-24,WBB,Queen's,W20240228QUETMU,Bridget Mulholland,1,1,35,0,0,2,6,0,0,3,9,12,0,3,2,1,1,4
2023-24,WBB,Queen's,W20240228QUETMU,Katrina Renon,1,0,1,0,0,0,0,0,0,0,0,0,0,0,1,0,1,0
2023-24,WBB,Queen's,W20240228QUETMU,Emma Weltz,1,1,30,0,2,1,5,2,2,0,1,1,2,2,1,0,0,4
2023-24,WBB,Queen's,W20240302CARQUE,Haley Barbieri,1,0,21,0,1,1,2,5,5,1,1,2,2,2,1,0,1,7
2023-24,WBB,Queen's,W20240302CARQUE,Julia Chadwick,1,1,38,0,2,6,15,2,4,4,13,17,3,2,4,3,3,14
2023-24,WBB,Queen's,W20240302CARQUE,Laura Donovan,1,1,39,3,8,3,6,3,4,0,0,0,3,1,3,2,2,18
2023-24,WBB,Queen's,W20240302CARQUE,Isabella Gaudet,1,1,37,2,6,1,6,1,2,1,3,4,1,2,3,0,0,9
2023-24,WBB,Queen's,W20240302CARQUE,Mikayla McFarlane,1,0,10,0,1,0,1,2,2,0,0,0,2,0,0,0,1,2
2023-24,WBB,Queen's,W20240302CARQUE,Bridget Mulholland,1,1,18,0,1,0,1,0,0,0,2,2,2,0,0,0,0,0
2023-24,WBB,Queen's,W20240302CARQUE,Emma Weltz,1,1,37,1,1,1,4,0,0,0,7,7,4,4,7,0,1,5
2023-24,WBB,Queen's,W20240307SMUQUE,Haley Barbieri,1,0,19,1,3,1,4,0,0,0,0,0,2,1,1,0,0,5
2023-24,WBB,Queen's,W20240307SMUQUE,Julia Chadwick,1,1,36,0,2,11,20,3,7,8,19,27,2,3,3,1,3,25
2023-24,WBB,Queen's,W20240307SMUQUE,Laura Donovan,1,1,30,2,7,2,3,0,0,1,1,2,0,2,0,0,1,10
2023-24,WBB,Queen's,W20240307SMUQUE,Isabella Gaudet,1,1,34,1,7,2,6,0,0,1,2,3,1,1,1,0,2,7
2023-24,WBB,Queen's,W20240307SMUQUE,Mikayla McFarlane,1,0,18,0,0,1,4,1,2,0,5,5,3,1,0,0,0,3
2023-24,WBB,Queen's,W20240307SMUQUE,Bridget Mulholland,1,1,24,0,1,0,1,1,2,5,1,6,0,3,1,0,1,1
2023-24,WBB,Queen's,W20240307SMUQUE,Katrina Renon,1,0,2,0,0,0,0,2,2,0,1,1,1,0,0,1,0,2
2023-24,WBB,Queen's,W20240307SMUQUE,team-queens,1,0,0,0,0,0,0,0,0,3,1,4,0,0,1,0,0,0
2023-24,WBB,Queen's,W20240307SMUQUE,Emma Weltz,1,1,37,2,4,4,12,2,3,1,5,6,1,1,3,0,2,16
2023-24,WBB,Queen's,W20240309CARQUE,Haley Barbieri,1,0,23,1,4,0,2,0,0,0,1,1,4,0,3,1,1,3
2023-24,WBB,Queen's,W20240309CARQUE,Maddy Boyd,1,0,4,0,0,0,0,0,0,1,0,1,0,0,0,1,0,0
2023-24,WBB,Queen's,W20240309CARQUE,Julia Chadwick,1,1,29,0,2,4,10,6,7,3,7,10,3,0,4,2,0,14
2023-24,WBB,Queen's,W20240309CARQUE,Laura Donovan,1,1,27,2,7,0,4,0,0,1,1,2,2,3,1,2,0,6
2023-24,WBB,Queen's,W20240309CARQUE,Isabella Gaudet,1,1,29,1,3,3,7,0,2,0,3,3,1,1,6,0,1,9
2023-24,WBB,Queen's,W20240309CARQUE,Amy Hagman,1,0,4,0,3,0,0,0,0,1,0,1,0,0,0,0,0,0
2023-24,WBB,Queen's,W20240309CARQUE,Mikayla McFarlane,1,0,15,0,0,1,2,0,0,1,1,2,1,0,1,0,0,2
2023-24,WBB,Queen's,W20240309CARQUE,Bridget Mulholland,1,1,15,0,2,0,3,0,0,3,4,7,3,1,1,0,0,0
2023-24,WBB,Queen's,W20240309CARQUE,Katrina Renon,1,0,11,1,2,0,1,0,0,0,4,4,1,0,3,1,0,3
2023-24,WBB,Queen's,W20240309CARQUE,Allison Smith,1,0,9,0,1,0,1,1,4,0,1,1,2,2,0,0,0,1
2023-24,WBB,Queen's,W20240309CARQUE,Kiera Spencer,1,0,4,0,2,0,0,0,0,0,0,0,1,0,0,0,0,0
2023-24,WBB,Queen's,W20240309CARQUE,team-queens,1,0,0,0,0,0,0,0,0,3,2,5,0,0,0,0,0,0
2023-24,WBB,Queen's,W20240309CARQUE,Emma Weltz,1,1,30,0,1,1,3,0,0,0,3,3,3,2,5,0,2,2
2023-24,WBB,Queen's,W20240310LAVQUE,Haley Barbieri,1,1,28,1,6,2,3,1,2,1,4,5,3,5,0,0,0,8
2023-24,WBB,Queen's,W20240310LAVQUE,Julia Chadwick,1,1,35,1,4,6,16,3,6,6,2,8,4,2,9,1,2,18
2023-24,WBB,Queen's,W20240310LAVQUE,Isabella Gaudet,1,1,34,2,6,1,4,0,0,0,4,4,3,0,4,0,3,8
2023-24,WBB,Queen's,W20240310LAVQUE,Mikayla McFarlane,1,0,12,0,1,1,3,1,2,1,2,3,2,0,2,0,0,3
2023-24,WBB,Queen's,W20240310LAVQUE,Bridget Mulholland,1,1,23,1,1,0,0,0,0,2,2,4,0,2,0,0,0,3
2023-24,WBB,Queen's,W20240310LAVQUE,Katrina Renon,1,0,10,2,3,0,1,2,2,4,2,6,3,1,2,0,0,8
2023-24,WBB,Queen's,W20240310LAVQUE,Allison Smith,1,0,17,1,2,0,1,0,0,0,1,1,0,0,0,0,1,3
2023-24,WBB,Queen's,W20240310LAVQUE,Kiera Spencer,1,0,2,0,0,0,0,0,0,0,0,0,0,0,0,0,0,0
2023-24,WBB,Queen's,W20240310LAVQUE,team-queens,1,0,0,0,0,0,0,0,0,3,2,5,0,0,1,0,0,0
2023-24,WBB,Queen's,W20240310LAVQUE,Emma Weltz,1,1,38,1,3,3,9,2,2,0,4,4,4,3,2,1,2,11